"","what","status","g.mean","error"
"1","Climate","UW",2.85203639668317,0.0419331778353217
"2","Climate","PW",2.38193425894366,0.12105279043855
"3","Climate","AW",2.7614353353732,0.039878311032462
"4","Land use","UW",0.196635229755501,0.0175157155101947
"5","Land use","PW",0.153606098839092,0.0263340821091538
"6","Land use","AW",0.189841305923161,0.0155108133579537
